mS,theta2
0.10309745621127248,4.813769577681132e-7
0.10521034159098998,4.7198134031993516e-7
0.10736676132851186,4.6323697423392625e-7
0.10956583388435373,4.5441666661707816e-7
0.11181051608561493,4.4549276041942473e-7
0.11410188392103918,4.367816093085372e-7
0.1164445239129686,4.2875558759791025e-7
0.11882012893370958,4.2025004674065273e-7
0.11899303520446931,4.1962326338012057e-7
0.12142362178304421,4.1124553869333294e-7
0.12391109149780222,4.0367182598075813e-7
0.12645365897773753,3.958019090964755e-7
0.12904323266580583,3.8808163041100225e-7
0.1316866592442339,3.807672447261351e-7
0.1343861593272227,3.7367196191630733e-7
0.13713984220555567,3.663679017989477e-7
0.1399502187019525,3.593232430606739e-7
0.1428173899819071,3.5262259187073655e-7
0.1457451175716574,3.459224586099859e-7
0.14873182674564234,3.394918142040254e-7
0.1517796466573569,3.3302119757347185e-7
0.15489017825171159,3.266099400491242e-7
0.15805908312813555,3.2013220589824795e-7
0.16131189678032107,3.1387476287115714e-7
0.16151554247232786,3.135482128092829e-7
0.16483051518435407,3.0753040401850157e-7
0.16820175982507954,3.01749701756449e-7
0.17165208082926647,2.9612592124837835e-7
0.1751728813712498,2.903660522315854e-7
0.17875776492079945,2.849752096591754e-7
0.18242506042800363,2.7979804784734594e-7
0.18616308865465653,2.745423693593067e-7
0.1899790740480353,2.695023471860625e-7
0.19387436554745338,2.646512721026669e-7
0.19784666362678813,2.5980900288211083e-7
0.20189974537538558,2.5491855646210376e-7
0.20604192578959407,2.501684735098027e-7
0.20783183602820976,2.6597981717171e-7
0.2089382423008508,2.0274129178034813e-7
0.20960991578833696,1.5319556358245487e-7
0.21004837253078287,1.1527524296658063e-7
0.21038395257041184,8.660296201806163e-8
0.21072457472858763,6.506677913085518e-8
0.21117875134865977,4.897086612753747e-8
0.21188675180528777,3.7027961382683904e-8
0.21307499146239356,2.8257007965324442e-8
0.2132108060811025,2.6778627791406058e-8
0.21423176737163063,2.0401648950640456e-8
0.21511629964943327,1.5488387043723603e-8
0.21612741812988626,1.1795182331986681e-8
0.21758190850139908,9.081905031341856e-9
0.2186069377077319,8.474185849924651e-9
0.22067968013820638,6.9355762310236245e-9
0.22253128097312794,6.041329740259583e-9
0.2248083284265347,5.260801784713221e-9
0.22755216720328528,4.5830232572675265e-9
0.22975533997385514,4.174095378165554e-9
0.23304075428210017,3.6965193445074762e-9
0.2368810577474575,3.277538855038114e-9
0.23872525287800747,3.115694172110802e-9
0.24280547053329776,2.816712237198365e-9
0.24721349178617705,2.56474451693413e-9
0.25185834981135324,2.344207790472579e-9
0.25329903708328355,2.2879953588650122e-9
0.2580694549812216,2.1201648768655625e-9
0.2630302366566372,1.9742140473923433e-9
0.26815519432304846,1.8436831365578956e-9
0.26937851700453885,1.8168621706683272e-9
0.27459632912016757,1.7071738647512595e-9
0.2781979829827837,1.4786677346552997e-9
0.2804857909353046,1.174631383541967e-9
0.2830021056147646,9.385303008583899e-10
0.2853784380949699,8.556959737120507e-10
0.28988914497255097,7.319906128340696e-10
0.29212166202923817,6.977487470800134e-10
0.29726833603266684,6.333285993496056e-10
0.3029668949619368,5.831293787737402e-10
0.3044929445812019,5.726779602274739e-10
0.3103284800256188,5.325371674939754e-10
0.31631868439854577,4.992240481772032e-10
0.32254343017930376,4.706841966521206e-10
0.32902439614479373,4.4664531555105e-10
0.3354370856060248,4.244228073661717e-10
0.3368271546717477,4.1919744246651127e-10
0.3433770458835398,3.986942890617261e-10
0.3502853748615169,3.8007432110388077e-10
0.357286343374861,3.626263065021162e-10
0.36448604442456656,3.475244692172808e-10
0.371747663474786,3.3246511803882055e-10
0.379339192253048,3.177388940469806e-10
0.38035277161737174,3.161441205727906e-10
0.38807074615014936,3.031861148373889e-10
0.39587956850044537,2.907908047288741e-10
0.403857768820542,2.7982913306394255e-10
0.41198757047039686,2.68286775073598e-10
0.42033047195200274,2.5707695094529127e-10
0.42887029186598524,2.481095794590109e-10
0.43747086770061233,2.3908974578674596e-10
0.43871017083742203,2.377460639006168e-10
0.4475048831353853,2.2876962095321757e-10
0.4565819975905347,2.2068288815315698e-10
0.46583452728888075,2.122845087710496e-10
0.4752556107231858,2.0496033947498833e-10
0.48490949930779664,1.9859022975326402e-10
0.4946844062990174,1.9146733770359383e-10
0.5048760761517304,1.8495876501756353e-10
0.5150282733707096,1.7942268077546668e-10
0.5162513572265446,1.787231002702711e-10
0.5267922853083984,1.7228456052713958e-10
0.5373658362410847,1.6658116425514596e-10
0.5483416994887742,1.6120361745154692e-10
0.5594491229491305,1.5537108592201977e-10
0.570755033785136,1.4953965736321603e-10
0.5823800040956062,1.4437176292597447e-10
0.594214636238561,1.3992972486419955e-10
0.6062134479572785,1.352903995072921e-10
0.6077159094184771,1.3472825417738924e-10
0.6200328107736611,1.2989302709750513e-10
0.6325412424581257,1.2566276477102857e-10
0.6454519541133688,1.2162064112140457e-10
0.6585322937804825,1.174160789178431e-10
0.6719094348960656,1.1365115774879008e-10
0.685498239149444,1.0984436174692943e-10
0.6993654370478166,1.0577863180531474e-10
0.7135595621364527,1.0188316626578782e-10
0.7153650353542957,1.0144325382595275e-10
0.7299972690149953,9.724883368571284e-11
0.7446083819519186,9.32168190577445e-11
0.7596380462414991,8.935421880831581e-11
0.7748547103451123,8.526719667949072e-11
0.790415058103227,8.136755159760072e-11
0.805941453098676,7.741985623847508e-11
0.8091667706461849,7.655985081358465e-11
0.8250128862464443,7.244857973428356e-11
0.8415179671807428,6.816689342193167e-11
0.8578468106283273,6.37665961887943e-11
0.8741212154440927,5.9323548019944e-11
0.8904253851351756,5.4615498758427215e-11
0.8955952811963278,5.330694503301229e-11
0.9121426637076957,4.856905000953499e-11
0.9287591577417588,4.4110785459653666e-11
0.9345866035974921,4.279566179093166e-11
0.9511809641695251,3.73911581955389e-11
0.965359648202301,3.2762817126750575e-11
0.9739905266775918,3.043005175466943e-11
0.9899703676301195,2.781778353246112e-11
1.0081572457854373,2.8657917975133598e-11
1.0172284575640946,3.069351610675352e-11
1.03291735536404,3.419850425862509e-11
1.0509500388526922,3.7883445447280016e-11
1.0706673048849515,4.171603223483041e-11
1.0767178846611867,4.273038568851269e-11
1.0968412448698246,4.563077702411536e-11
1.1185472500896947,4.799617885439015e-11
1.1411781576192175,4.98558225768274e-11
1.1646038272226715,5.115638982630046e-11
1.1886960216212858,5.188145154379907e-11
1.213342029122577,5.207674119837707e-11
1.2384659599523962,5.1845234326902575e-11
1.2640803476616338,5.1146270455147386e-11
1.2900236923388135,5.0029497899902126e-11
1.3163662630204882,4.8752999711042405e-11
1.3433435999199739,4.772340504159786e-11
1.3710052981580136,4.7117319312765e-11
1.3992610707656843,4.678345627670227e-11
1.4280506906384125,4.6537768553642394e-11
1.457492308917767,4.6373813508618244e-11
1.487447576394616,4.621218090742224e-11
1.5179685322950673,4.5917727207583865e-11
1.549113350140144,4.549120307044932e-11
1.5808178630205747,4.4891937401999134e-11
1.6135278040004797,4.4336792602465375e-11
1.6467248292788303,4.392007184201972e-11
1.6808577198581585,4.368469151411587e-11
1.7154754030708297,4.361472860579534e-11
1.750660217143806,4.348814119576907e-11
1.7865334307256624,4.319712204137438e-11
1.822935790822448,4.272443143166595e-11
1.8604757824815643,4.2216160677394234e-11
1.8621003255816193,4.2193639131224584e-11
1.9005958746147278,4.154637168396853e-11
1.9395131565668342,4.0840755271517054e-11
1.9794152900120245,4.013181630052439e-11
2.000478462463776,4.0640016390751964e-11
2.020933076737132,4.8248525856733084e-11
2.042217173616423,5.709024174893785e-11
2.0605120352191033,5.6592812929217273e-11
2.1029908531182593,5.633368939782244e-11
2.1466578361337776,5.622946097590551e-11
2.1466651602864766,5.6229182810249494e-11
2.191082112380144,5.609679507217486e-11
2.236031300105789,5.5955387899132065e-11
2.2819873225130025,5.582096642473218e-11
2.328721284488287,5.5719277108683175e-11
2.376641926351905,5.5817207722118106e-11
2.425233323795522,5.6173189136213445e-11
2.4262411030562516,5.617880002809642e-11
2.475862758801998,5.646912281960169e-11
2.526915424004424,5.66123382696327e-11
2.5793825472800025,5.70120843355007e-11
2.6323189946342778,5.747201295709005e-11
2.6868001374713053,5.8004619376345443e-11
2.7419546096829923,5.868490302716146e-11
2.798686965777089,5.952143954739038e-11
2.855721798807576,6.034703879524372e-11
2.91492846676328,6.152437399209092e-11
2.9744083180631957,6.308526447792631e-11
3.0352128211907416,6.453545993059614e-11
3.096956621871364,6.643368402785764e-11
3.1596019911509305,6.891081125112305e-11
3.2230380525655766,7.169183207169558e-11
3.285828021194357,7.530630154702145e-11
3.299700211079631,7.638539516419578e-11
3.364003421532305,8.143989191217139e-11
3.4291782964881152,8.736531538393414e-11
3.4941457411573578,9.437941190288464e-11
3.579585440073268,9.463643505927111e-11
3.6391979336402094,8.373469699962381e-11
3.6738048880134273,7.478800658704903e-11
3.7249267110474715,6.652235971923456e-11
3.7722599621514603,5.824416854614705e-11
3.811515078641831,5.163311755900719e-11
3.8688722094940458,4.543102867838974e-11
3.8964456506414766,4.310357553105614e-11
3.960491396899885,4.168547554019797e-11
4.028559620978083,4.283506798776186e-11
4.051498170476322,4.4908590868445684e-11
4.0943729849498744,5.141771048502846e-11
4.1134506224008245,6.494865198849947e-11
4.10109404489526,8.423287424509127e-11
4.079341161095822,1.0479339753289892e-10
4.052437046195875,1.1880903284650638e-10
4.016571279270994,1.4626084286831225e-10
3.9955965943399483,1.6703781337666051e-10
3.9497702766007485,2.0213466034406994e-10
3.9166147033442886,2.4270380003242845e-10
3.8806735961604133,2.7765321572819146e-10
3.845796758221419,3.3214779262042486e-10
3.808273302130337,3.7913216061186e-10
3.7719764732806476,4.4408012651758585e-10
3.7295397080222235,5.061816255200872e-10
3.695318352290772,5.740730827821657e-10
3.6453984411126834,6.472864610332836e-10
3.5946878858567763,7.573494671652845e-10
3.561887086376242,7.957632028011229e-10
3.503374619393996,8.880783098108269e-10
3.4486036811070773,1.0028354300676368e-9
3.4204599534184834,1.0459843568230178e-9
3.3610472488830783,1.1594894150625225e-9
3.3065686337511497,1.3021885476031315e-9
3.281712178809689,1.3638126390740446e-9
3.2243374653458496,1.507150629901813e-9
3.1710363679817735,1.682952180256902e-9
3.148083259638678,1.772403826278161e-9
3.093648275733132,1.9702257341695945e-9
3.0426024888715775,2.200925299503136e-9
3.019855452204729,2.327160261412198e-9
2.9691221339965255,2.5938702036952217e-9
2.9178575650652867,2.8701114916282984e-9
2.866804722712589,3.214034407786099e-9
2.848356962509781,3.286087240432625e-9
2.796263463203717,3.584055728203254e-9
2.745089522120067,3.908583481559606e-9
2.696167260424866,4.3026249704137894e-9
2.6800385433047396,4.380084653592194e-9
2.630193549966024,4.743380324742605e-9
2.58142861116922,5.136560882327327e-9
2.534080247627494,5.615280647254433e-9
2.5211775610967853,5.712400777242106e-9
2.4731022306087844,6.14652736085561e-9
2.4263376590626478,6.587998811434027e-9
2.3809942209290997,7.108247456588441e-9
2.3689523753180497,7.251709233896435e-9
2.325433440712933,7.819605235678665e-9
2.28045506236398,8.364339906454837e-9
2.2370965020861067,8.945437620760616e-9
2.1950182907134503,9.647042422467758e-9
2.1849815348747352,9.818392391106968e-9
2.1435313710009085,1.0577895022550365e-8
2.102441723497039,1.1248005464717983e-8
2.0621236164609362,1.1970738279287733e-8
2.0258184729538993,1.3033019461047173e-8
2.0133910562299446,1.343617785503133e-8
1.9767710472706623,1.451469111276463e-8
1.938620899339532,1.538011131284819e-8
1.9010584269412776,1.629250489582388e-8
1.86453754055622,1.7416264075544308e-8
1.8574152394000272,1.762310548533861e-8
1.821776589497128,1.8711006389660057e-8
1.786090358664962,1.9571349182572065e-8
1.7507047058469554,2.023039099195782e-8
1.7156967406281594,2.0775468884568537e-8
1.681303073527886,2.129562308790008e-8
1.6481370253349374,2.1990671874456776e-8
1.616043447344881,2.3139895939475745e-8
1.611066238188517,2.332121214869208e-8
1.5794901318652967,2.4668775069301964e-8
1.5485272625985973,2.5792192355123935e-8
1.5178390323006452,2.676440204619228e-8
1.4875773109449648,2.7541943940970868e-8
1.457692141249802,2.808847725449354e-8
1.428531308144331,2.8709986101773728e-8
1.4000504502897297,2.954757170546475e-8
1.3723457129342067,3.060523333396453e-8
1.3463552624360138,3.2356455332208994e-8
1.3416068854734202,3.246152089362819e-8
1.3152239206428684,3.458618917892681e-8
1.2899234184824624,3.6736293769984855e-8
1.2646523401140295,3.87997525729895e-8
1.2395907414584426,4.082955939499254e-8
1.213860550959814,4.238286689475928e-8
1.212875468273473,4.2373214184170255e-8
1.189430147928233,4.2248228964063316e-8
1.1882856886709057,4.2228415741739965e-8
1.1638840540580495,4.0957232087076425e-8
1.140383587461968,3.872662506677707e-8
1.1186327401480414,3.608910173884276e-8
1.099212196945995,3.292319917461977e-8
1.0906781819087104,3.1463017518861775e-8
1.0742022857241802,2.711821453801216e-8
1.0634527483687788,2.3358576585402583e-8
1.051101607530531,2.080922198308047e-8
1.0421089622020794,1.774696990949085e-8
1.0302110390239099,1.551466491230904e-8
1.0252002382547234,1.3291315468247406e-8
1.0127475278541676,1.1333604730886134e-8
1.0039861550695617,9.105447227599531e-9
0.99087154983088,8.94663350812802e-9
0.9834363416988516,1.0018486907793332e-8
0.9708957270244903,1.1672647204625996e-8
0.9612854280291476,1.4131658863792338e-8
0.9555152809290943,1.6177743915526948e-8
0.9470831893183775,2.0045345431590758e-8
0.9411885205441272,2.4414397355698265e-8
0.9296773861609687,2.6712276151043107e-8
0.9200271886377832,3.1113187918964016e-8
0.9098753481309804,3.5070204120565936e-8
0.8990470671425138,4.082505842558807e-8
0.8903071621715806,4.4808838209197056e-8
0.8779309934019548,5.1225554949738433e-8
0.8691247961013642,5.570057525372393e-8
0.8577012020313128,6.408049854277e-8
0.8447555832829708,7.302582356437332e-8
0.8375618159457989,7.786086664469138e-8
0.8238868379817619,8.672329842370294e-8
0.8103585739895491,9.695110074631735e-8
0.8041121196322639,1.0200980711371998e-7
0.7905639556003863,1.1270228470507431e-7
0.776354124687418,1.2303718360610967e-7
0.7703769630857329,1.2576466403889103e-7
0.7581290003906567,1.4349838653997707e-7
0.7441693388742202,1.5523799798309764e-7
0.7308397442057855,1.6942418764974874e-7
0.725964052791551,1.747768838268664e-7
0.713590980932909,1.9326536682223927e-7
0.700034445417195,2.0691968917454616e-7
0.6871563075875193,2.2430297095576187e-7
0.6829712822499816,2.2880789032010632e-7
0.6711702045629151,2.5273327956568735e-7
0.658273766760167,2.6964478928331466e-7
0.6457766645500972,2.884363963303159e-7
0.633627758306039,3.15281369938221e-7
0.6307837249860906,3.198367477833546e-7
0.618873682037847,3.4604713254668875e-7
0.607017948095534,3.6918234894090476e-7
0.5955560755240635,3.978376552835492e-7
0.5923869707839698,4.006615027305279e-7
0.5818377845734646,4.4404494645430405e-7
0.5707016548913436,4.771527502600565e-7
0.559966442187791,5.132214585856034e-7
0.5499994254105687,5.681090368801621e-7
0.5469453753964084,5.787407028015685e-7
0.5367715462449023,6.210166274966442e-7
0.5263724265444564,6.589366043880618e-7
0.5164518254304683,7.124846296806585e-7
0.5138412771074427,7.195683205192186e-7
0.504566447282517,7.895975867854367e-7
0.49483147574493414,8.465997485978238e-7
0.48536287705059356,9.031283200933397e-7
0.4763310592194168,9.796047277456764e-7
0.473969728276933,9.975536216827147e-7
0.4652287241423698,1.0947916687842108e-6
0.45640574102719655,1.1724488119266377e-6
0.44788966463047053,1.2688319606769014e-6
0.44551624123752587,1.284773515059057e-6
0.43747026935859734,1.4347441887420045e-6
0.42921037619955243,1.5354203413866595e-6
0.421071976002957,1.6421645385153757e-6
0.41424240908020354,1.8493844655699891e-6
0.41128719854583273,1.881755923400277e-6
0.4037191806429738,2.036475873831174e-6
0.3961818901567337,2.19592942997452e-6
0.38991100910767346,2.4991786706084196e-6
0.3870139978944775,2.52458469067476e-6
0.3797999394807992,2.7233275410908342e-6
0.37290125933233853,2.958793666305351e-6
0.3702603227477434,3.0217835449037236e-6
0.36423422609774897,3.4037791001463414e-6
0.3573143544432454,3.6518966929358554e-6
0.35115649185844383,4.0117194409448e-6
0.34837007156007077,4.213149431733734e-6
0.34282087875663986,4.668286684608697e-6
0.33660164809603993,5.084264407881712e-6
0.3330445056094268,5.196274815860776e-6
0.3288739026391513,5.984516306395198e-6
0.3227744663163923,6.544545982507944e-6
0.3179108214110341,7.436346842214898e-6
0.3152093354283221,7.867091602046558e-6
0.30993759719622893,8.778381436059163e-6
0.30584275710343656,1.0064654510049674e-5
0.3027922939555528,1.0758816890272002e-5
0.2983199061497222,1.222967930799234e-5
0.2951767977786836,1.3537281251996838e-5
0.2920794862469643,1.5889136417972702e-5
0.28875910564832563,1.8202985222561716e-5
0.28693765436462493,2.1278230368141574e-5
0.2846949348195864,2.689237266004473e-5
0.2840906404740533,3.276520847618076e-5
0.280672314254258,3.70099931082277e-5
0.27983081651034275,4.869722593457214e-5
0.27974712379289585,6.493404722135261e-5
0.2788715698152407,8.535210707285546e-5
0.2756017567725522,9.456570475102765e-5
0.2738156898520652,0.00010977730272327448
0.26907261850896586,0.0001213624333204578
0.2660112746900014,0.00012628069563870245
0.26295061540254194,0.00014832572447395662
0.2585072855415153,0.00016479456752004578
0.25596879078648604,0.0001740000488633279
0.252749395865838,0.0002060154969557312
0.25029575009107785,0.0002471566322878466
0.24719230920610005,0.00026154330966721005
0.2438920278691067,0.00029779421227856575
0.24143304796292236,0.0003389901231163006
0.2390332176868248,0.00039130652275000155
0.23660822821277916,0.00045484820538874843
0.2342680774658166,0.0005250995956912366
0.2319487331300598,0.000621152307854183
0.23023137893649537,0.0007209534981016604
0.22824259538917352,0.0008661548992443701
0.22629684294335867,0.001035566400249158
0.22473992909984167,0.001203725035407929
0.22342899690804824,0.001537333303590916
0.22191736735222012,0.001877448211298267
0.22035744989096703,0.0021628586626565778
0.21920432896484696,0.0027390451208007347
0.21900248932637442,0.0036503944247856723
0.21789296839630404,0.004660766939955917
0.21661768251608857,0.005364218032273926
0.21501955090244423,0.006514231202141445
0.21469972505073268,0.008659643359966994
